intensity	day_of_week	month	day	hour	minute
0.7626168224299066	5	03	03	12	24
0.7206291864228193	5	03	03	12	39
0.6719533905162648	5	03	03	14	09
0.7096602028108877	5	03	03	14	24
0.6930770432880138	2	03	07	16	00
0.7068801897983392	2	03	07	16	30
0.7104364561991681	2	03	07	17	00
0.7172470978441128	2	03	07	17	15
0.7152537485582469	2	03	07	17	45
0.7528812385616066	2	03	07	18	00
0.7221056646957849	2	03	07	18	30
0.7290204262315816	4	03	23	17	15
0.7290218595748967	4	03	23	18	00
0.7331561669532594	4	03	23	18	15
0.7640075973409307	4	03	23	18	30
0.7589148519048377	4	03	23	18	45
0.7681958097507695	4	03	23	19	15
0.754479198299423	4	03	23	19	30
0.8174433518597691	4	03	23	20	00
0.747165013984236	4	03	23	20	30
0.7334708161479815	4	03	23	21	30
0.6676042356055593	5	03	24	09	45
0.6666120218579235	5	03	24	10	15
0.6689887764692873	5	03	24	10	30
0.6881113619262603	5	03	24	10	45
0.708440065681445	5	03	24	11	30
0.7365915218264212	5	03	24	11	45
0.7030636789467021	5	03	24	12	30
0.712681409813407	5	03	24	12	45
0.7096519433632312	5	03	24	13	00
0.7214289621970568	3	03	08	08	17
0.7633356627067319	3	03	08	08	32
0.8075899571907902	3	03	08	08	47
0.7473581689797906	3	03	08	09	02
0.7700396483364937	3	03	08	09	17
0.7621586398910017	3	03	08	09	32
0.7674861825805223	3	03	08	10	17
0.7565235364026249	3	03	08	10	32
0.7378246194117242	3	03	08	10	47
0.7431182795698925	3	03	08	11	47
0.7122191443521083	3	03	08	12	02
0.6907592824363789	3	03	08	12	17
0.7053880375679684	3	03	08	13	02
0.6894258248895817	3	03	08	13	17
0.6868404717566728	3	03	08	13	47
0.6776781500707881	3	03	08	15	32
0.6901076716016151	3	03	08	15	47
0.6960558034569421	3	03	08	16	02
0.6900057050982833	3	03	08	16	32
0.7145622580242288	3	03	08	17	47
0.7497723132969034	3	03	08	18	02
0.7342086777975901	3	03	08	18	17
0.7473770334007123	3	03	08	18	32
0.7913076058448857	3	03	08	18	47
0.7886810212966231	3	03	08	19	02
0.7359372643643493	3	03	08	19	17
0.7138408127839894	3	03	08	19	47
0.6699362704350236	5	03	24	14	00
0.6771800619062867	5	03	24	14	15
0.6793858141400252	5	03	24	14	30
0.7268270944741533	5	03	24	15	30
0.6910620733449754	5	03	24	16	00
0.7063424102300623	5	03	24	16	15
0.7251494768310912	5	03	24	16	30
0.7764201500535906	5	03	24	17	45
0.7432837447550542	5	03	24	18	45
0.762572318647085	5	03	24	19	00
0.7251214277645995	5	03	24	19	30
0.7669121424901524	5	03	24	19	45
0.7373799725651577	5	03	24	20	00
0.7265581524763495	5	03	24	20	15
0.6417242781618544	6	03	25	09	12
0.694294406158813	6	03	25	09	25
0.6850288760550867	6	03	25	09	46
0.6778371611536425	6	03	25	10	01
0.6420488385944014	6	03	25	10	31
0.6571258199165176	6	03	25	10	45
0.6423652496358099	6	03	25	11	00
0.6767380915677509	6	03	25	11	15
0.6997101449275362	6	03	25	11	45
0.6878102236833623	6	03	25	12	00
0.6848907845418121	6	03	25	12	15
0.6949760765550239	6	03	25	12	30
0.6584369895715542	6	03	25	12	45
0.6644414775255897	6	03	25	13	00
0.6405590333381861	6	03	25	13	15
0.7924466978679147	3	03	08	20	17
0.6513526492716504	6	03	25	13	45
0.6770449521002211	6	03	25	14	00
0.6368953525134367	6	03	25	14	16
0.6649655042056516	6	03	25	14	45
0.6504123057405645	6	03	25	15	00
0.6648205128205128	6	03	25	15	15
0.6971153846153846	6	03	25	15	30
0.6690196078431373	6	03	25	15	45
0.6874907035549606	6	03	25	16	00
0.6737459914079991	6	03	25	16	15
0.7366321305228057	6	03	25	16	30
0.7178497587870434	6	03	25	16	45
0.6902167545401289	6	03	25	17	00
0.6963722397476341	6	03	25	17	15
0.696969696969697	6	03	25	17	30
0.6634963095061178	6	03	25	18	01
0.6625679012345679	6	03	25	18	15
0.662453820727202	6	03	25	18	30
0.678183464091732	6	03	25	19	00
0.7118621337088447	6	03	25	19	15
0.6590909090909091	6	03	25	19	30
0.6858782435129741	6	03	25	19	45
0.6919651141213583	6	03	25	20	00
0.7143207154232513	6	03	25	20	15
0.6877074858558938	6	03	25	20	30
0.7321772639691715	6	03	25	20	45
0.7055846737755287	6	03	25	21	00
0.650359153562415	6	03	25	21	15
0.6869577584980799	6	03	25	21	45
0.7033650329188003	6	03	25	22	00
0.6816186295094484	6	03	25	22	30
0.6798444212237316	0	03	26	22	12
0.7435219201567475	1	03	27	09	30
0.766446333018571	1	03	27	09	45
0.6765834932821497	2	03	28	08	15
0.7136194029850746	2	03	28	08	30
0.7451631609468079	2	03	28	08	45
0.7139957264957265	2	03	28	09	00
0.7433542101600557	2	03	28	09	15
0.7180386178861788	2	03	28	09	30
0.7254753236245954	2	03	28	10	00
0.7449866091841401	2	03	28	10	15
0.7611294311624073	2	03	28	10	30
0.7569028316296558	4	03	09	09	00
0.7267541053529537	4	03	09	09	15
0.7359416840226123	4	03	09	09	30
0.7114666666666667	4	03	09	09	45
0.6827100099942138	4	03	09	10	00
0.7115503745001971	4	03	09	10	15
0.7094662638469285	4	03	09	10	45
0.7270063486895654	4	03	09	11	15
0.6964285714285714	4	03	09	11	45
0.6996827285346024	4	03	09	12	00
0.7029820858364453	4	03	09	12	15
0.6925965941246077	4	03	09	12	30
0.6889625072303728	4	03	09	12	45
0.6903485254691689	4	03	09	13	15
0.6963270324266175	4	03	09	13	30
0.6630123927550048	4	03	09	14	00
0.6851382731686722	4	03	09	14	15
0.6578626359055953	4	03	09	14	30
0.6525628361321479	4	03	09	14	45
0.6703372699223321	4	03	09	15	30
0.6806426763508309	4	03	09	16	16
0.7206231300938822	4	03	09	18	00
0.7326271504770491	4	03	09	18	15
0.765101122085601	2	03	28	11	15
0.8123626922308768	2	03	28	11	30
0.706555138272448	2	03	28	11	45
0.6938302800589597	2	03	28	12	00
0.7225198595972658	2	03	28	12	15
0.6946440044389931	2	03	28	12	30
0.7093503339404978	2	03	28	12	45
0.706938134499972	2	03	28	13	00
0.7092423921485561	2	03	28	13	15
0.7143132716049383	2	03	28	13	30
0.7076254879322668	2	03	28	14	00
0.6811804547653604	2	03	28	14	15
0.694832481544577	2	03	28	14	30
0.7292560801144492	2	03	28	14	45
0.7055337330301151	2	03	28	15	30
0.7493371212121213	2	03	28	15	45
0.6913356408988517	2	03	28	16	15
0.6968927002276216	2	03	28	16	30
0.6980230426813302	2	03	28	16	45
0.7542041454829879	2	03	28	17	00
0.8011396011396011	2	03	28	17	15
0.7367912371134021	2	03	28	17	30
0.7004258855302794	2	03	28	17	45
0.7794980968969744	2	03	28	18	00
0.8043230944254836	2	03	28	18	15
0.7296354166666666	2	03	28	18	30
0.7297169172423135	2	03	28	19	00
0.7826162087437359	2	03	28	19	15
0.7993677827236952	2	03	28	19	30
0.8301571380809094	2	03	28	19	45
0.729064039408867	2	03	28	20	00
0.7748333862265947	2	03	28	20	15
0.7879015123109612	2	03	28	20	45
0.7678418411066226	2	03	28	21	00
0.7426920656713003	3	03	29	08	30
0.6890417855344857	3	03	29	08	45
0.6977561077907098	3	03	29	09	00
0.7134220743205768	3	03	29	09	15
0.7176667205779287	3	03	29	09	30
0.7143002700086607	3	03	29	09	45
0.723708257185579	3	03	29	10	00
0.7110486271915316	3	03	29	10	15
0.7235030685022392	3	03	29	10	30
0.7300266492630663	3	03	29	10	45
0.737279843444227	3	03	29	11	15
0.7180045807496788	3	03	29	11	30
0.7324740422484783	3	03	29	11	45
0.7348847444572811	3	03	29	12	00
0.7178212162780064	3	03	29	12	15
0.6876871786178448	3	03	29	12	45
0.6723192299082158	3	03	29	13	00
0.695311167945439	3	03	29	13	15
0.6795121951219513	3	03	29	13	30
0.6983344663494222	3	03	29	13	45
0.6449156256848565	3	03	29	14	15
0.6997919127158203	3	03	29	14	30
0.7462949007786989	4	03	09	19	30
0.7154597612032874	4	03	09	19	45
0.7308692877828499	4	03	09	20	15
0.7246804326450345	4	03	09	20	45
0.7571807868694183	4	03	09	21	00
0.6563530611021167	3	03	29	15	00
0.6858677638722213	3	03	29	15	30
0.6679530471136839	3	03	29	15	45
0.680179458420125	3	03	29	16	00
0.71120246659815	3	03	29	16	30
0.7301691935838277	3	03	29	16	45
0.721941251596424	3	03	29	17	00
0.7871901816961503	3	03	29	18	30
0.7796656768943143	3	03	29	19	30
0.7771218889597958	3	03	29	19	45
0.7856005751553433	3	03	29	20	00
0.6926640926640927	4	03	30	08	15
0.6880535327691399	4	03	30	08	30
0.6836477987421383	4	03	30	08	45
0.6976729440111598	4	03	30	09	00
0.6900705558423679	4	03	30	09	15
0.7191854233654876	4	03	30	09	45
0.70369644723093	4	03	30	10	15
0.698131443298969	4	03	30	10	30
0.7258708522649043	4	03	30	10	45
0.735088730860401	4	03	30	11	00
0.7412128234839707	4	03	30	11	15
0.7107900778319055	4	03	30	11	30
0.7005356834283739	4	03	30	11	45
0.7162310422717005	4	03	30	12	00
0.6876906318082788	4	03	30	12	15
0.6940135585430312	4	03	30	13	00
0.7164677465188974	4	03	30	13	15
0.6725013506212858	4	03	30	13	30
0.6573774421670862	4	03	30	13	45
0.6764241893076249	4	03	30	14	00
0.6837472309665384	4	03	30	14	15
0.6749649368863955	4	03	30	14	30
0.6610169491525424	4	03	30	14	45
0.6637956815599019	4	03	30	15	45
0.6484354594368699	5	03	10	08	15
0.6701754385964912	5	03	10	08	30
0.6667951683371884	5	03	10	09	00
0.6690985463991599	5	03	10	09	15
0.6872071378137236	5	03	10	09	45
0.6667729930887826	5	03	10	10	00
0.6690058479532164	5	03	10	10	15
0.666838931955211	5	03	10	10	30
0.6662924351777599	5	03	10	10	45
0.6851113038450419	4	03	30	16	15
0.6911546697413935	4	03	30	16	45
0.7823043790380474	4	03	30	17	15
0.7615548955239435	4	03	30	17	45
0.7418244406196214	4	03	30	18	00
0.7556100217864924	4	03	30	18	15
0.7619410956813674	4	03	30	18	30
0.7401032702237521	4	03	30	18	45
0.7781393667028256	4	03	30	19	00
0.7559656379255488	4	03	30	19	15
0.7007259429070466	4	03	30	20	15
0.7148780892353624	4	03	30	20	30
0.6866045650160701	4	03	30	20	45
0.7056432806982477	4	03	30	21	00
0.6895457250545527	4	03	30	21	15
0.6959156324651867	4	03	30	21	45
0.6880825958702065	4	03	30	22	00
0.6712978462225198	4	03	30	22	15
0.6868643766446199	5	03	31	11	16
0.743663318986131	5	03	31	11	31
0.76064169173275	5	03	31	11	46
0.6826498762243031	5	03	31	12	01
0.725750702095485	5	03	31	12	16
0.7440204617724319	5	03	31	12	31
0.6909930715935335	5	03	31	12	46
0.71210952564597	5	03	31	13	01
0.7162284093838618	5	03	31	13	16
0.739611360239163	5	03	31	13	31
0.7353919239904988	5	03	31	13	46
0.6863418907081733	5	03	31	14	31
0.7336499455822697	5	03	31	15	01
0.7080324657150854	5	03	31	17	45
0.6899648574775479	5	03	31	18	00
0.7300390843104411	5	03	10	11	30
0.7113786185153339	5	03	10	11	45
0.7306990399111323	5	03	10	12	00
0.7102815252879936	5	03	10	12	15
0.6831539865332579	5	03	10	12	30
0.6877907707783226	5	03	10	12	45
0.6979124305273147	5	03	10	13	00
0.6962701053799224	5	03	10	13	15
0.6909125259777064	5	03	10	13	30
0.7059965487489215	5	03	10	13	45
0.7252456538170824	5	03	31	18	30
0.7334086061974658	5	03	31	18	45
0.7301924438437278	5	03	31	19	15
0.763768115942029	5	03	31	19	30
0.7123492848049128	5	03	31	19	45
0.724559510967278	5	03	31	20	00
0.7033567525370804	5	03	31	20	45
0.7059914129586261	5	03	31	21	00
0.7196175200493522	5	03	31	21	45
0.6860970819304153	6	04	01	08	30
0.6820326887661142	6	04	01	08	45
0.7201041188179452	6	04	01	09	30
0.6934046345811051	6	04	01	09	45
0.7136290967226219	6	04	01	10	30
0.6791156462585034	6	04	01	10	45
0.6902534905788261	6	04	01	11	15
0.6690729229329591	6	04	01	11	45
0.6835947712418301	6	04	01	12	00
0.6847149017728797	6	04	01	12	15
0.6720123795456144	6	04	01	12	45
0.6750645994832042	6	04	01	13	00
0.715896506594181	6	04	01	13	15
0.6734270295914132	6	04	01	13	30
0.6773283160865475	5	03	10	14	45
0.672854323358404	5	03	10	15	30
0.7314285714285714	5	03	10	15	45
0.6840396168209125	5	03	10	16	00
0.6950437642861125	5	03	10	16	30
0.6816039446015517	5	03	10	17	00
0.6840668165756505	5	03	10	17	15
0.6852600377256804	5	03	10	17	30
0.6949948146935211	5	03	10	17	45
0.6749574105621806	5	03	10	18	00
0.7122696524376021	5	03	10	18	15
0.6790788570221307	5	03	10	19	30
0.708173157278957	5	03	10	20	00
0.6709747831581366	5	03	10	20	45
0.6763047469184369	6	04	01	14	00
0.7482502187226596	0	04	02	08	15
0.7015726889144611	0	04	02	08	30
0.7234884965222044	0	04	02	08	45
0.7701552328492739	0	04	02	09	00
0.7844211924929414	0	04	02	09	15
0.7807875595685979	0	04	02	09	30
0.7244836423940901	0	04	02	09	45
0.777840873241214	0	04	02	10	00
0.7732187052233945	0	04	02	10	15
0.7181843040743779	0	04	02	11	46
0.730943092451545	0	04	02	12	01
0.72534958766583	2	04	04	08	15
0.7245783527100049	2	04	04	08	30
0.724709784411277	2	04	04	08	45
0.7836352657004831	2	04	04	09	00
0.8000839630562553	2	04	04	09	15
0.7738381731643403	2	04	04	09	30
0.7353005108140419	2	04	04	10	00
0.7337550765385817	2	04	04	10	15
0.7285108283098906	2	04	04	10	30
0.7561601000625391	2	04	04	10	45
0.7375201288244766	2	04	04	11	00
0.7388373121131742	2	04	04	11	15
0.6999773781246466	2	04	04	11	30
0.7034260127043632	2	04	04	11	45
0.7105573501512588	2	04	04	12	00
0.7159490928784187	2	04	04	12	15
0.7522073156748079	2	04	04	12	30
0.7348275675383033	2	04	04	12	45
0.7495559502664298	2	04	04	13	00
0.6929007554589672	2	04	04	13	15
0.6769312804105846	2	04	04	13	30
0.6940394391374783	2	04	04	13	45
0.6847157555900443	2	04	04	14	00
0.6726742490522019	2	04	04	14	15
0.6617574864997545	2	04	04	14	30
0.6914572174151902	2	04	04	15	00
0.6729747094211787	2	04	04	15	15
0.6782459526107001	2	04	04	15	30
0.687078390323331	2	04	04	15	45
0.7192007090484248	2	04	04	16	00
0.6877450144878132	2	04	04	16	30
0.7304366623432771	2	04	04	17	45
0.7384370015948963	2	04	04	18	45
0.8112502173535038	2	04	04	19	00
0.7833565783356579	2	04	04	19	15
0.7662577299022542	2	04	04	20	00
0.7960999621355547	2	04	04	20	15
0.6685386884501928	6	03	11	08	15
0.6606143433554601	6	03	11	08	30
0.6862818590704648	6	03	11	08	45
0.6729897776372642	6	03	11	09	00
0.6676550145651269	6	03	11	09	30
0.6744238336143901	6	03	11	09	45
0.6739427012278308	6	03	11	10	00
0.6729619137551149	6	03	11	10	15
0.6642499568444674	6	03	11	10	45
0.6654204594711747	6	03	11	11	15
0.7238336253325547	6	03	11	11	30
0.6776998961578401	6	03	11	11	45
0.6940278873980531	6	03	11	12	15
0.6638741665241922	6	03	11	12	30
0.6977893235533822	6	03	11	12	45
0.6638377368561516	6	03	11	13	00
0.6771608471665712	6	03	11	13	15
0.6889894988366975	6	03	11	13	30
0.6602069399188246	6	03	11	14	00
0.6624688442870261	6	03	11	14	30
0.6500702670146556	6	03	11	15	15
0.6730511547253094	6	03	11	15	45
0.7038766585130828	6	03	11	16	45
0.6589061345158906	6	03	11	17	15
0.7140140711161818	3	04	05	11	30
0.7108706852138074	3	04	05	11	45
0.6802230239422762	3	04	05	12	00
0.7918346774193549	3	04	05	12	15
0.6985408926936951	3	04	05	12	30
0.7726062609014964	3	04	05	12	45
0.7004688313943392	3	04	05	13	00
0.7050813331213903	3	04	05	13	15
0.6937836980653346	3	04	05	13	30
0.685338500381657	3	04	05	13	45
0.663063653237253	3	04	05	14	00
0.6804178236149676	3	04	05	14	15
0.6941497071954543	3	04	05	14	30
0.6751465482897957	3	04	05	14	45
0.6614853195164075	3	04	05	15	00
0.701996171725458	3	04	05	15	15
0.7538444877626164	3	04	05	15	30
0.6776116168183789	3	04	05	15	45
0.7215245648821327	3	04	05	16	15
0.6787829394186362	3	04	05	16	45
0.73716425433859	3	04	05	17	00
0.7125995211847893	3	04	05	17	15
0.7057728119180633	3	04	05	17	30
0.7164710067591604	3	04	05	17	45
0.7321517309922146	3	04	05	18	15
0.7229469969118296	3	04	05	18	30
0.6851822036172383	3	04	05	18	45
0.7477967467391852	3	04	05	19	00
0.7247891156462585	3	04	05	19	30
0.7473561203622553	3	04	05	19	45
0.7195429339606789	3	04	05	20	00
0.7345781009032827	3	04	05	20	15
0.6934913703472655	0	04	09	11	58
0.7251121821505734	3	04	12	09	15
0.7673371359951966	3	04	12	09	30
0.7119568241250765	3	04	12	09	45
0.7399521715652241	3	04	12	10	00
0.7155721161310356	3	04	12	10	15
0.6936497251206103	3	04	12	11	30
0.6916623570648739	3	04	12	11	45
0.6760738374156905	3	04	12	12	00
0.684400826446281	3	04	12	12	15
0.712407509325506	3	04	12	12	30
0.6683431126012853	3	04	12	12	45
0.738378621154278	3	04	12	13	00
0.6853160977580287	3	04	12	13	15
0.7041830367460135	3	04	12	13	30
0.6905542800918334	3	04	12	14	00
0.6541397191633165	3	04	12	14	15
0.6674319448999672	3	04	12	14	30
0.6500109938434476	3	04	12	15	15
0.7487781036168133	1	03	13	09	30
0.7611296807634549	1	03	13	09	45
0.7217302635109751	1	03	13	10	00
0.7337807606263982	1	03	13	10	15
0.7297076596439653	1	03	13	10	30
0.7230468511392095	1	03	13	10	45
0.7109973016135249	1	03	13	11	00
0.6957248369184322	1	03	13	11	15
0.7389550981100277	1	03	13	11	30
0.730991054613936	1	03	13	11	45
0.7163792131664976	1	03	13	12	00
0.703551912568306	1	03	13	12	15
0.712764303482587	1	03	13	12	45
0.6945799884568971	1	03	13	13	00
0.700198474877259	1	03	13	13	15
0.7113697974804656	1	03	13	13	30
0.6962040993250356	1	03	13	13	45
0.6803681955245199	1	03	13	14	00
0.6839092495636998	1	03	13	14	15
0.6825734157650696	1	03	13	15	00
0.6905027932960894	1	03	13	15	15
0.7204961464354528	1	03	13	15	45
0.6590998815633636	1	03	13	16	00
0.6981921122048511	1	03	13	16	15
0.6967982053635159	1	03	13	16	30
0.6829081437217498	3	04	12	16	30
0.6904411249035697	3	04	12	17	15
0.7881326352530541	3	04	12	19	30
0.7831632653061225	3	04	12	19	45
0.7909919476152553	3	04	12	20	00
0.7233811386353759	3	04	12	20	15
0.7659968647570187	3	04	12	20	45
0.7268934949810977	3	04	12	21	00
0.8029875692050559	4	04	13	09	15
0.7365466919245072	4	04	13	09	30
0.6786437539778973	4	04	13	09	45
0.7840311763639659	4	04	13	10	00
0.7948348694316436	4	04	13	10	15
0.7296223745783001	4	04	13	10	30
0.7206714103265828	4	04	13	11	00
0.7068321553755099	4	04	13	11	15
0.7786585365853659	4	04	13	11	30
0.7779011660188784	4	04	13	12	00
0.7098288396588242	4	04	13	12	15
0.7527127355796688	4	04	13	12	30
0.7365925925925926	4	04	13	13	00
0.6529192408304113	4	04	13	13	15
0.6695652173913044	4	04	13	13	30
0.6629739858906526	4	04	13	13	45
0.6753181513730744	4	04	13	14	00
0.6673718470301058	4	04	13	14	15
0.6795943782245152	4	04	13	14	30
0.683796129342469	4	04	13	14	45
0.6766779697507939	4	04	13	15	30
0.6930777061418392	4	04	13	15	45
0.6822315494928297	4	04	13	16	00
0.7193847785733227	4	04	13	16	30
0.7102097306504844	4	04	13	16	45
0.7738654147104851	4	04	13	17	00
0.7667464982945061	4	04	13	17	15
0.7661503839025682	4	04	13	17	30
0.7268345242145855	4	04	13	17	45
0.6594294770206022	6	03	04	09	15
0.6532111075372574	6	03	04	09	29
0.6870608899297423	6	03	04	09	45
0.6667228022903334	6	03	04	10	00
0.6518249018249018	6	03	04	10	14
0.6770145310435931	6	03	04	10	29
0.9955614735907679	6	03	04	10	44
0.7041321251847568	6	03	04	10	59
0.6493918846195242	6	03	04	11	14
0.6839398513052714	6	03	04	11	30
0.662610811750391	6	03	04	11	46
0.6890873392868453	6	03	04	12	00
0.6756176154672395	6	03	04	12	30
0.6897880539499036	1	03	13	17	00
0.7066729917773561	1	03	13	17	15
0.7667986798679868	4	04	13	18	46
0.7812335266209804	4	04	13	19	46
0.7949444838176234	4	04	13	20	16
0.73217988595127	4	04	13	20	46
0.7824710973325583	4	04	13	21	01
0.7567869585223165	4	04	13	21	16
0.6769928811703043	6	04	15	08	30
0.658660719391548	6	04	15	08	45
0.6888633019893814	6	04	15	09	15
0.7203321182665047	6	04	15	09	30
0.7052412441831987	6	04	15	09	45
0.6784313725490196	6	04	15	10	00
0.673595208737009	6	04	15	10	15
0.6764375561545373	6	04	15	10	30
0.6769324903120538	6	04	15	10	45
0.7175925925925926	6	04	15	11	15
0.676914668306347	6	04	15	11	30
0.6879613299366386	6	04	15	11	45
0.6635397123202001	6	04	15	12	00
0.7153226965646112	6	04	15	12	15
0.6766261534998874	6	04	15	13	15
0.6924485125858123	6	04	15	14	00
0.7133543638275499	6	04	15	14	45
0.6985425186117228	2	03	14	08	15
0.715843383446225	2	03	14	08	30
0.664058598301981	6	04	15	15	15
0.6826544854713869	6	04	15	15	30
0.6885502149277062	6	04	15	15	45
0.6662279980259911	6	04	15	16	00
0.6502634099616859	6	04	15	16	45
0.6945595139464237	6	04	15	17	00
0.7007816494995982	6	04	15	17	15
0.6749678475388753	6	04	15	17	30
0.68693171688358	6	04	15	17	45
0.6616448068060972	6	04	15	19	15
0.7306578050443081	6	04	15	19	30
0.6436383521691579	6	04	15	19	45
0.6766147635524798	6	04	15	20	00
0.6646353849278895	6	04	15	20	15
0.7187194525904204	6	04	15	20	45
0.6715759280710464	0	04	16	08	45
0.7110904007455732	0	04	16	09	00
0.7199342767795622	0	04	16	09	15
0.7118773946360153	0	04	16	09	30
0.7234588563458856	0	04	16	09	45
0.6934156378600823	0	04	16	10	00
0.6779314772660947	0	04	16	10	15
0.7088888888888889	0	04	16	10	30
0.6607557176002652	0	04	16	10	45
0.7102385685884692	0	04	16	11	00
0.7093094316561418	0	04	16	11	15
0.7017268445839875	0	04	16	11	30
0.6889453352383976	0	04	16	11	45
0.7282492548225634	0	04	16	12	00
0.6701470147014702	0	04	16	12	15
0.6717232661035454	0	04	16	12	30
0.7097206276310754	0	04	16	12	45
0.6538832609744332	0	04	16	13	00
0.6450591568071988	0	04	16	13	15
0.6606581776087316	0	04	16	13	30
0.6613280547057765	0	04	16	13	45
0.6705240755520085	0	04	16	14	15
0.6658900836320191	0	04	16	14	30
0.6726380513184345	0	04	16	15	00
0.6764354066985646	0	04	16	15	15
0.6997880233174351	0	04	16	15	45
0.6881142098273573	0	04	16	16	15
0.7036891936010448	0	04	16	16	30
0.7079285490441868	0	04	16	17	30
0.7088174215636751	0	04	16	17	45
0.7391187677775989	0	04	16	18	00
0.7548274770496993	0	04	16	18	15
0.7853107344632768	0	04	16	18	30
0.7381096943938474	0	04	16	18	45
0.7490761271249076	2	03	14	09	30
0.7060985797827903	4	04	20	09	00
0.7242282402763847	4	04	20	09	30
0.706503645026118	4	04	20	09	45
0.7942198491397576	4	04	20	10	00
0.7565957446808511	4	04	20	10	15
0.70209116696352	4	04	20	10	30
0.7353340478742408	4	04	20	10	45
0.7532869296210364	4	04	20	11	15
0.7355351681957186	4	04	20	11	30
0.7095072280257465	4	04	20	12	15
0.7020125147979029	4	04	20	12	30
0.6891266789277155	4	04	20	12	45
0.7148992976957456	4	04	20	13	00
0.7357106727364694	4	04	20	13	30
0.7155874369910818	4	04	20	13	45
0.6902497027348394	4	04	20	14	00
0.7227619518085515	4	04	20	14	15
0.7094626723728008	3	05	10	08	15
0.7103510734643865	3	05	10	08	30
0.7147558600308953	3	05	10	08	45
0.7489020431544777	3	05	10	09	00
0.744403390567268	3	05	10	09	15
0.7188576058335021	3	05	10	09	30
0.7503976369007044	3	05	10	09	45
0.7745437079731028	3	05	10	10	00
0.7459503923057453	3	05	10	10	15
0.7061567670192569	3	05	10	10	30
0.7394565633371604	3	05	10	10	45
0.7134006302408802	3	05	10	11	00
0.7383701963854635	3	05	10	11	15
0.7754093923399649	3	05	10	11	30
0.786774628879892	3	05	10	11	45
0.7204371584699454	3	05	10	12	00
0.7265782066747085	3	05	10	12	30
0.7656144610818831	3	05	10	12	45
0.7286445178421087	3	05	10	13	00
0.7121425222691046	3	05	10	13	15
0.7152098369419941	3	05	10	13	30
0.6896614821591949	3	05	10	13	45
0.7038618971347215	3	05	10	14	00
0.6661579827047452	3	05	10	14	15
0.6748963667398196	3	05	10	14	30
0.6704558307883723	3	05	10	14	45
0.6615653694796677	3	05	10	15	00
0.6902527075812275	3	05	10	15	15
0.7049906716417911	3	05	10	15	30
0.6806233410394725	3	05	10	15	45
0.665171124532643	3	05	10	16	00
0.7273942352394235	3	05	10	16	15
0.6939203354297694	3	05	10	16	30
0.6959932160271359	3	05	10	16	45
0.7126596980255517	3	05	10	17	00
0.6974164560516709	3	05	10	17	15
0.7371157470592058	3	05	10	17	30
0.725125889911443	4	05	11	10	00
0.7281574512042625	4	05	11	11	00
0.6975422170205651	4	05	11	11	30
0.7618185806734672	2	03	14	10	15
0.720774550484094	2	03	14	10	30
0.7390648567119156	2	03	14	10	45
0.7392353377876764	2	03	14	11	00
0.7136382365059745	2	03	14	11	15
0.7375493096646942	2	03	14	11	30
0.7091867289495748	4	05	11	12	00
0.711597463694007	4	05	11	12	15
0.6808917197452229	4	05	11	12	30
0.6985750323856276	4	05	11	12	45
0.6902714242146996	4	05	11	13	00
0.6766875691626706	4	05	11	13	15
0.7296031928774273	2	03	14	12	00
0.7097449457389963	2	03	14	12	15
0.6981372392931062	2	03	14	12	30
0.72265413126017	2	03	14	12	45
0.7085038653933606	2	03	14	13	00
0.7257793299702496	2	03	14	13	15
0.7016009242449249	2	03	14	13	30
0.6760865972566518	2	03	14	14	00
0.6943269908386187	2	03	14	14	15
0.6562064156206415	2	03	14	14	30
0.6901638480585849	2	03	14	15	15
0.7064375605033882	2	03	14	15	30
0.6839690654083104	2	03	14	16	00
0.6954292806648319	2	03	14	16	15
0.7739221871713985	2	03	14	18	30
0.7251886898727048	2	03	14	19	00
0.6939872540870047	6	03	04	13	00
0.6659728646315141	6	03	04	13	16
0.6620433789954338	6	03	04	13	30
0.7191409277095095	6	03	04	13	45
0.6722490791896869	6	03	04	14	01
0.6741661070069398	6	03	04	14	15
0.6712013795746311	6	03	04	14	30
0.6702218430034129	6	03	04	14	46
0.6746124483913687	6	03	04	15	00
0.6903282495449695	6	03	04	15	15
0.6954545454545454	6	03	04	15	30
0.6910981645054188	6	03	04	15	45
0.6739244034140394	6	03	04	16	00
0.7494125293735313	2	03	14	19	30
0.7706972755458803	2	03	14	19	45
0.7027349628937672	2	03	14	20	15
0.7324045002616432	2	03	14	20	45
0.7130235419113125	3	03	15	10	15
0.7387151440456016	3	03	15	10	30
0.7420642978003384	3	03	15	10	45
0.7413519517613456	3	03	15	11	00
0.7195366795366795	3	03	15	11	15
0.7187392233947169	3	03	15	11	30
0.7032973122748684	3	03	15	11	45
0.7385546108567691	3	03	15	12	00
0.7083986211219053	3	03	15	12	30
0.7182886086862809	3	03	15	12	45
0.7158397890225812	3	03	15	13	15
0.7168050856146827	3	03	15	13	30
0.6961822264998396	3	03	15	13	45
0.6808854419130715	3	03	15	14	00
0.709211682037769	3	03	15	14	15
0.6901764672069897	3	03	15	14	30
0.738072744449693	3	03	15	15	00
0.7183480825958702	3	03	15	15	15
0.8254465321271167	3	03	15	15	30
0.7407847800237812	3	03	15	17	15
0.7408189795255119	3	03	15	17	31
0.7561286214581343	3	03	15	17	45
0.7956233487862021	3	03	15	18	00
0.7761821023837436	3	03	15	18	31
0.7563772775991425	3	03	15	18	45
0.8226044226044226	3	03	15	19	15
0.745879851143009	1	03	06	08	30
0.72390517846536	1	03	06	08	45
0.7017543859649122	1	03	06	09	00
0.7576185988061577	1	03	06	09	30
0.7174356430185767	1	03	06	09	45
0.8017090271691498	3	03	15	20	45
0.7112006612936557	3	03	15	21	00
0.793147113594041	4	03	16	09	45
0.7851972493666305	4	03	16	10	00
0.7436885719791867	4	03	16	10	45
0.7423571900910525	4	03	16	11	00
0.7307653726552312	4	03	16	11	30
0.7253040964381171	4	03	16	11	45
0.7509698338254878	4	03	16	12	00
0.7180338757887745	4	03	16	12	15
0.7230300770569227	4	03	16	12	30
0.7762385381621479	4	03	16	12	45
0.6996138996138996	4	03	16	13	00
0.686742336499112	4	03	16	13	15
0.6892935100889102	4	03	16	13	30
0.7521787563069261	4	03	16	13	45
0.6698434702246866	4	03	16	14	00
0.683458207131091	4	03	16	14	45
0.6653311965811965	4	03	16	15	00
0.6738057264373054	4	03	16	15	15
0.6805555555555556	4	03	16	15	45
0.6922600619195046	4	03	16	16	00
0.7137966868390488	4	03	16	16	30
0.7399100034614053	4	03	16	16	45
0.7184441009788769	4	03	16	17	00
0.7984962406015037	4	03	16	18	17
0.7575462512171373	4	03	16	19	17
0.9098941402017171	4	03	16	20	47
0.7355805243445693	1	03	06	10	30
0.7459761163032191	1	03	06	10	45
0.7495251296267775	1	03	06	11	15
0.7457052441229657	1	03	06	11	45
0.7364521718348569	1	03	06	12	00
0.7046522200333384	1	03	06	12	30
0.717502145489424	1	03	06	12	45
0.7077729081658355	1	03	06	13	00
0.6785218598195697	1	03	06	13	15
0.6841201716738198	1	03	06	13	30
0.6825737560546015	1	03	06	13	45
0.6825854981194787	5	03	17	09	00
0.6864599369547687	5	03	17	09	15
0.6905798473089785	5	03	17	09	30
0.6893210508358922	5	03	17	09	45
0.7207932249750144	5	03	17	10	00
0.6768896657661952	5	03	17	10	15
0.6864353312302839	5	03	17	10	30
0.6907098717349536	5	03	17	10	45
0.7212750987714456	5	03	17	11	45
0.7546897546897547	5	03	17	12	00
0.7023868859721991	5	03	17	12	15
0.710046024440565	5	03	17	12	30
0.6837620161080801	5	03	17	12	46
0.708523592085236	5	03	17	15	00
0.7071570273157333	5	03	17	15	15
0.6912110030191211	5	03	17	15	45
0.7007051587932771	5	03	17	16	00
0.7515619257625873	5	03	17	17	15
0.6871396074697138	5	03	17	17	30
0.7043879907621247	5	03	17	17	45
0.6982314359334739	5	03	17	18	00
0.6754901960784314	5	03	17	18	30
0.7561886210534859	5	03	17	18	45
0.6773295514234688	5	03	17	19	15
0.687218202789137	5	03	17	19	45
0.6919158361018826	5	03	17	20	15
0.7121447028423773	5	03	17	20	30
0.6709624796084829	5	03	17	20	45
0.6796238963421626	5	03	17	21	00
0.715890522875817	5	03	17	21	15
0.6937381716448614	5	03	17	21	45
0.6829633325018708	5	03	17	22	00
0.6618845777632866	5	03	17	22	15
0.6927932378286404	6	03	18	09	15
0.6496621247369004	6	03	18	09	30
0.6759295499021526	6	03	18	09	45
0.6937623482924076	6	03	18	10	15
0.6501656020818547	6	03	18	10	30
0.6637982356443145	6	03	18	11	00
0.7613795518207283	6	03	18	12	15
0.6548941579616426	6	03	18	12	30
0.662206413730804	6	03	18	13	00
0.6643972550926677	6	03	18	13	15
0.6492406861138424	6	03	18	13	30
0.6739544243215315	6	03	18	13	45
0.6618424876489393	6	03	18	14	00
0.6613439787092482	6	03	18	14	15
0.6694714131607336	6	03	18	14	30
0.6778530708830806	6	03	18	15	00
0.6811961869618696	6	03	18	15	15
0.6737216390111751	6	03	18	15	30
0.665295864747544	6	03	18	15	45
0.6676501120034967	6	03	18	17	15
0.6326179781511673	6	03	18	17	30
0.6400770712909442	6	03	18	18	30
0.6563157894736842	6	03	18	18	45
0.6626055880441846	6	03	18	19	00
0.6610921297128813	6	03	18	19	15
0.6730911005792523	6	03	18	19	30
0.6263655402728251	6	03	18	19	45
0.6518154709700053	6	03	18	20	30
0.6371402362114437	6	03	18	20	45
0.6774338268281741	6	03	18	21	15
0.6789268492869601	1	03	06	15	45
0.6850701083492671	1	03	06	16	15
0.6695764087068435	1	03	06	17	00
0.6672532394816829	0	03	19	08	15
0.689060092449923	0	03	19	08	45
0.7333333333333333	0	03	19	10	15
0.7009141238573452	0	03	19	10	30
0.6940740740740741	0	03	19	11	00
0.6784375824755873	0	03	19	11	15
0.6716716716716716	0	03	19	11	30
0.681904144377803	0	03	19	12	00
0.6740769630785232	0	03	19	12	45
0.6703096539162113	0	03	19	13	15
0.671242577763251	0	03	19	13	45
0.6554653679653679	0	03	19	14	30
0.702710027100271	0	03	19	15	45
0.6681225597247039	0	03	19	16	00
0.689813366697946	0	03	19	16	15
0.6892415071705109	0	03	19	16	30
0.7072670876260109	0	03	19	16	45
0.6529820960200707	0	03	19	17	00
0.7017484489565707	0	03	19	17	15
0.7412215010817108	0	03	19	17	30
0.7407735982966643	0	03	19	17	45
0.7107391482391482	0	03	19	18	00
0.7289197872228367	1	03	06	17	45
0.7671524759226115	1	03	06	18	00
0.7133569739952719	1	03	06	18	30
0.7241379310344828	1	03	06	18	45
0.7234483780180714	1	03	06	19	15
0.7489392186036259	1	03	06	19	30
0.8185089572087929	1	03	06	20	15
0.7240706510577121	1	03	06	20	30
0.7076188681615476	1	03	06	20	45
0.7162810089639358	0	03	19	19	30
0.6854243052234444	0	03	19	19	45
0.7435750271028634	0	03	19	20	00
0.7228784792939579	0	03	19	20	30
0.7159274444030315	0	03	19	20	45
0.7050229809586342	1	03	20	08	17
0.6940751682258329	1	03	20	08	32
0.7231737900859079	1	03	20	08	47
0.7024788855983328	1	03	20	09	02
0.7259900593233927	1	03	20	09	17
0.735662204810099	1	03	20	09	32
0.7075812274368231	1	03	20	09	47
0.7042524005486969	1	03	20	10	02
0.7179939112321744	1	03	20	10	17
0.7253820702694186	1	03	20	10	32
0.7060556464811784	1	03	20	10	47
0.7011475137202727	1	03	20	11	02
0.6929415154134255	1	03	20	11	17
0.6974506162417694	1	03	20	11	32
0.6922695738354807	1	03	20	11	47
0.6953027730616864	1	03	20	12	02
0.6669570267131243	1	03	20	12	17
0.6755663430420712	1	03	20	12	32
0.6958957293399889	1	03	20	12	47
0.6967414351076888	1	03	20	13	02
0.682487818859272	1	03	20	13	17
0.6710518723674341	1	03	20	13	32
0.6845429425365138	1	03	20	13	47
0.6575165698867969	1	03	20	14	02
0.6617207269381182	1	03	20	14	17
0.6610366242962447	1	03	20	14	32
0.6809311879493324	1	03	20	14	47
0.6600899965385947	1	03	20	15	02
0.6465022766246822	1	03	20	15	17
0.6646638054363376	1	03	20	15	32
0.6685576757778924	1	03	20	15	47
0.6652301327357352	1	03	20	16	02
0.672528735632184	1	03	20	16	17
0.6634659350708734	1	03	20	16	32
0.6635845545475691	1	03	20	16	47
0.66349426082944	1	03	20	17	02
0.6561596127737441	1	03	20	17	17
0.6791271892047086	1	03	20	17	32
0.6962428715196243	1	03	20	17	47
0.7068589636089216	1	03	20	18	02
0.696008993816751	1	03	20	18	17
0.7130406183193554	1	03	20	18	32
0.6969443047874421	1	03	20	18	47
0.6835687141965856	1	03	20	19	03
0.7096489777924726	1	03	20	19	17
0.6805674732566787	1	03	20	19	33
0.6775217968704891	1	03	20	19	47
0.6879904469464346	1	03	20	20	02
0.6870964150523269	1	03	20	20	17
0.6856693090459324	1	03	20	20	32
0.6857371245860454	1	03	20	20	47
0.6534641688968184	1	03	20	21	02
0.6942824997442978	2	03	21	08	30
0.7315033630249046	2	03	21	09	15
0.7177108678021087	2	03	21	09	30
0.6846229187071499	2	03	21	09	45
0.6940653432588917	2	03	21	10	00
0.7120210421553992	2	03	21	11	00
0.6821679859278804	2	03	21	11	15
0.7007808499743984	2	03	21	11	45
0.6705170517051705	2	03	21	12	15
0.6774211158423409	2	03	21	12	30
0.6710411198600175	2	03	21	13	45
0.6680635585821547	2	03	21	14	00
0.6688055611255932	2	03	21	14	15
0.6824978012313104	2	03	21	14	30
0.6871428571428572	2	03	21	15	00
0.6626798125101018	2	03	21	15	15
0.7242278736143222	2	03	07	08	15
0.706758648270346	2	03	07	08	30
0.7424431379535602	2	03	07	08	45
0.7200942109830172	2	03	07	09	00
0.7801546391752577	2	03	07	09	15
0.7149805447470817	2	03	07	09	30
0.7391922062106758	2	03	07	09	45
0.7373873873873874	2	03	07	10	30
0.7770961145194274	2	03	07	11	00
0.7225151926071016	2	03	07	11	15
0.6935772101335015	2	03	07	11	30
0.7210224499755978	2	03	21	16	15
0.7003228807530236	2	03	21	16	30
0.700542215336948	2	03	21	16	45
0.6927092296219813	2	03	21	17	00
0.6967570441254651	2	03	21	17	15
0.707808564231738	2	03	21	17	30
0.7225961538461538	2	03	21	17	45
0.756782428020184	2	03	21	18	00
0.7396284829721362	2	03	21	18	15
0.7003440725680325	2	03	21	18	30
0.7787332561600794	2	03	21	19	00
0.7348286987248426	2	03	21	19	15
0.7283950617283951	2	03	21	20	15
0.7128724002248454	2	03	21	20	30
0.6967904480227846	2	03	21	20	45
0.7158523344191097	4	03	23	08	15
0.7216153051796294	4	03	23	09	00
0.7057094878253568	4	03	23	09	15
0.7716777834787071	4	03	23	09	30
0.7075602473875027	4	03	23	09	45
0.78538044494298	4	03	23	10	00
0.7238316550477666	4	03	23	10	15
0.7521921699394838	4	03	23	10	30
0.7255227348157982	4	03	23	10	45
0.7271280827366746	4	03	23	11	15
0.7877782116360796	4	03	23	11	30
0.7608474121748457	4	03	23	11	45
0.7175682144566778	4	03	23	12	00
0.7233954451345755	4	03	23	12	30
0.7131417804992934	4	03	23	13	00
0.7362351190476191	4	03	23	13	15
0.6552948355244911	4	03	23	14	45
0.674924438687392	4	03	23	15	00
0.6889380827799021	4	03	23	15	45
0.6855177043128041	4	03	23	16	00
